{"stats":{"minecraft:killed":{"minecraft:pig":2,"minecraft:chicken":1},"minecraft:crafted":{"minecraft:oak_planks":20,"minecraft:crafting_table":1,"minecraft:stick":12,"minecraft:wooden_pickaxe":1,"minecraft:stone_pickaxe":1,"minecraft:stone_sword":1,"minecraft:furnace":1,"minecraft:stone_axe":1},"minecraft:mined":{"minecraft:large_fern":1,"minecraft:furnace":1,"graveyard:tg_moss_block":1,"minecraft:iron_ore":2,"minecraft:andesite":2,"minecraft:crafting_table":3,"minecraft:grass":15,"minecraft:coal_ore":34,"minecraft:grass_block":30,"minecraft:oak_log":17,"minecraft:flowering_azalea_leaves":1,"graveyard:cobblestone_gravestone":1,"minecraft:dirt":24,"minecraft:tall_grass":2,"graveyard:tg_grass_block":1,"minecraft:stone":78},"minecraft:used":{"minecraft:oak_log":3,"minecraft:stone_pickaxe":110,"minecraft:wooden_pickaxe":12,"minecraft:stone_axe":8,"minecraft:dirt":29,"minecraft:cobblestone":5,"minecraft:crafting_table":4,"minecraft:furnace":2,"minecraft:cooked_porkchop":2,"minecraft:andesite":2,"graveyard:cobblestone_gravestone":1},"minecraft:dropped":{"minecraft:cooked_porkchop":3},"minecraft:custom":{"minecraft:time_since_rest":21587,"minecraft:interact_with_furnace":7,"minecraft:sprint_one_cm":28947,"minecraft:damage_taken":65,"minecraft:walk_one_cm":68214,"minecraft:mob_kills":3,"minecraft:drop":3,"minecraft:damage_dealt":240,"minecraft:swim_one_cm":1140,"minecraft:interact_with_crafting_table":7,"minecraft:fly_one_cm":46115,"minecraft:crouch_one_cm":2003,"minecraft:play_time":21587,"minecraft:sneak_time":671,"minecraft:walk_under_water_one_cm":683,"minecraft:jump":297,"minecraft:leave_game":5,"minecraft:walk_on_water_one_cm":2497,"minecraft:time_since_death":21587,"minecraft:total_world_time":21587,"minecraft:fall_one_cm":4923},"minecraft:picked_up":{"minecraft:raw_iron":2,"minecraft:crafting_table":3,"minecraft:chicken":1,"minecraft:cooked_porkchop":4,"minecraft:andesite":2,"minecraft:porkchop":6,"minecraft:oak_log":17,"minecraft:dirt":54,"minecraft:pink_tulip":1,"minecraft:moss_block":2,"minecraft:coal":31,"minecraft:oak_planks":3,"graveyard:cobblestone_gravestone":1,"minecraft:cobblestone":67,"minecraft:furnace":1}},"DataVersion":3120}