{"stats":{"minecraft:killed":{"radioactive_spiders:scary_spider":1,"minecraft:pig":3,"minecraft:sheep":1,"minecraft:zombie":6,"arphex:hornet_harbinger":1,"minecraft:chicken":3,"arphex:butterfly_bewitcher":1,"minecraft:cow":1},"minecraft:killed_by":{"graveyard:nightmare":1,"minecraft:skeleton":1,"minecraft:creeper":1,"minecraft:zombie":1},"minecraft:crafted":{"minecraft:cooked_beef":1,"minecraft:oak_planks":108,"minecraft:cooked_porkchop":2,"minecraft:crafting_table":3,"minecraft:wooden_pickaxe":1,"minecraft:cooked_chicken":1,"minecraft:iron_sword":2,"minecraft:furnace":3,"minecraft:stone_axe":1,"minecraft:air":0,"minecraft:stick":24,"minecraft:iron_ingot":7,"minecraft:iron_pickaxe":2,"minecraft:stone_pickaxe":2,"minecraft:stone_sword":1,"minecraft:torch":20},"minecraft:mined":{"minecraft:crafting_table":4,"minecraft:granite":2,"minecraft:grass_block":39,"graveyard:tg_grass_block":1,"minecraft:tall_grass":2,"minecraft:cobblestone":22,"minecraft:moss_block":2,"minecraft:diorite":1,"minecraft:large_fern":1,"minecraft:furnace":4,"graveyard:tg_moss_block":1,"minecraft:birch_log":6,"minecraft:iron_ore":12,"minecraft:andesite":9,"treechop:chopped_log":2,"minecraft:grass":19,"minecraft:oak_log":25,"minecraft:coal_ore":34,"minecraft:flowering_azalea_leaves":1,"graveyard:cobblestone_gravestone":1,"minecraft:dirt":35,"minecraft:stone":120},"minecraft:used":{"minecraft:moss_block":2,"minecraft:diorite":3,"minecraft:stone_sword":11,"minecraft:stone_pickaxe":152,"minecraft:wooden_pickaxe":12,"minecraft:iron_sword":32,"minecraft:cooked_chicken":2,"minecraft:rotten_flesh":9,"minecraft:torch":10,"minecraft:dirt":44,"minecraft:crafting_table":6,"minecraft:granite":2,"graveyard:cobblestone_gravestone":1,"minecraft:oak_log":3,"minecraft:iron_pickaxe":45,"minecraft:stone_axe":38,"minecraft:cobblestone":27,"minecraft:furnace":5,"minecraft:cooked_porkchop":5,"minecraft:andesite":5,"minecraft:egg":2,"minecraft:cooked_beef":2},"minecraft:dropped":{"minecraft:iron_sword":1,"minecraft:cooked_porkchop":3,"minecraft:cobblestone":2,"minecraft:coal":53,"minecraft:dirt":1,"minecraft:stone_pickaxe":1,"minecraft:iron_pickaxe":1,"radioactive_spiders:raw_spider_meat":2},"minecraft:custom":{"minecraft:interact_with_furnace":29,"minecraft:mob_kills":17,"minecraft:interact_with_crafting_table":15,"minecraft:damage_dealt_resisted":12,"minecraft:leave_game":5,"minecraft:time_since_death":10229,"minecraft:time_since_rest":10289,"minecraft:sprint_one_cm":152259,"minecraft:damage_taken":2047,"minecraft:walk_one_cm":201725,"minecraft:drop":13,"minecraft:damage_dealt":2321,"minecraft:swim_one_cm":1823,"minecraft:fly_one_cm":232606,"minecraft:crouch_one_cm":8543,"minecraft:play_time":81587,"minecraft:deaths":5,"minecraft:sneak_time":2653,"minecraft:walk_under_water_one_cm":4517,"minecraft:jump":1397,"minecraft:walk_on_water_one_cm":14239,"minecraft:total_world_time":81587,"minecraft:fall_one_cm":32564},"minecraft:picked_up":{"minecraft:birch_log":6,"minecraft:crafting_table":4,"minecraft:feather":6,"minecraft:cooked_beef":1,"minecraft:chicken":3,"minecraft:andesite":11,"minecraft:wooden_pickaxe":2,"minecraft:oak_log":35,"minecraft:dirt":132,"minecraft:string":14,"radioactive_spiders:cooked_spider_meat":3,"minecraft:beef":4,"radioactive_spiders:raw_spider_meat":2,"minecraft:stone_pickaxe":2,"minecraft:iron_ingot":3,"minecraft:iron_pickaxe":2,"minecraft:moss_block":8,"minecraft:iron_sword":2,"minecraft:oak_planks":20,"minecraft:furnace":5,"minecraft:egg":2,"minecraft:stick":6,"minecraft:raw_iron":12,"minecraft:cooked_porkchop":4,"minecraft:torch":2,"minecraft:porkchop":8,"minecraft:diorite":3,"minecraft:stone_sword":2,"minecraft:rotten_flesh":12,"minecraft:stone_axe":2,"minecraft:granite":2,"minecraft:pink_tulip":3,"minecraft:oak_sapling":2,"graveyard:cobblestone_gravestone":1,"minecraft:coal":132,"minecraft:cobblestone":333}},"DataVersion":3120}