{"stats":{"minecraft:killed":{"radioactive_spiders:scary_spider":1,"minecraft:pig":2,"minecraft:chicken":1},"minecraft:crafted":{"minecraft:oak_planks":28,"minecraft:crafting_table":1,"minecraft:stick":24,"minecraft:wooden_pickaxe":1,"minecraft:stone_pickaxe":2,"minecraft:stone_sword":1,"minecraft:furnace":1,"minecraft:torch":20,"minecraft:stone_axe":1},"minecraft:mined":{"minecraft:large_fern":1,"minecraft:furnace":1,"graveyard:tg_moss_block":1,"minecraft:iron_ore":2,"minecraft:andesite":2,"minecraft:crafting_table":3,"minecraft:granite":2,"minecraft:grass":15,"minecraft:coal_ore":34,"minecraft:grass_block":33,"minecraft:oak_log":23,"minecraft:flowering_azalea_leaves":1,"graveyard:cobblestone_gravestone":1,"minecraft:dirt":32,"minecraft:cobblestone":6,"minecraft:tall_grass":2,"graveyard:tg_grass_block":1,"minecraft:stone":95},"minecraft:used":{"minecraft:oak_log":3,"minecraft:stone_sword":11,"minecraft:stone_pickaxe":135,"minecraft:wooden_pickaxe":12,"minecraft:torch":9,"minecraft:stone_axe":15,"minecraft:dirt":34,"minecraft:cobblestone":5,"minecraft:crafting_table":4,"minecraft:furnace":2,"minecraft:cooked_porkchop":3,"minecraft:andesite":2,"graveyard:cobblestone_gravestone":1},"minecraft:dropped":{"minecraft:dirt":1,"minecraft:cooked_porkchop":3,"minecraft:stone_pickaxe":1},"minecraft:custom":{"minecraft:time_since_rest":33587,"minecraft:interact_with_furnace":8,"minecraft:sprint_one_cm":70228,"minecraft:damage_taken":243,"minecraft:walk_one_cm":103725,"minecraft:mob_kills":4,"minecraft:drop":5,"minecraft:damage_dealt":703,"minecraft:swim_one_cm":1140,"minecraft:interact_with_crafting_table":8,"minecraft:fly_one_cm":73089,"minecraft:crouch_one_cm":3493,"minecraft:play_time":33587,"minecraft:sneak_time":1152,"minecraft:walk_under_water_one_cm":2627,"minecraft:damage_dealt_resisted":12,"minecraft:jump":598,"minecraft:leave_game":5,"minecraft:walk_on_water_one_cm":8230,"minecraft:time_since_death":33587,"minecraft:total_world_time":33587,"minecraft:fall_one_cm":9037},"minecraft:picked_up":{"minecraft:raw_iron":2,"minecraft:crafting_table":3,"minecraft:chicken":1,"minecraft:cooked_porkchop":4,"minecraft:andesite":2,"minecraft:porkchop":6,"minecraft:oak_log":24,"minecraft:string":4,"minecraft:dirt":63,"radioactive_spiders:raw_spider_meat":2,"minecraft:granite":2,"minecraft:pink_tulip":1,"minecraft:moss_block":2,"minecraft:coal":31,"minecraft:oak_planks":3,"graveyard:cobblestone_gravestone":1,"minecraft:cobblestone":90,"minecraft:furnace":1}},"DataVersion":3120}