{"stats":{"minecraft:killed":{"radioactive_spiders:scary_spider":1,"minecraft:pig":2,"minecraft:zombie":2,"minecraft:chicken":2},"minecraft:killed_by":{"graveyard:nightmare":1},"minecraft:crafted":{"minecraft:oak_planks":84,"minecraft:crafting_table":2,"minecraft:wooden_pickaxe":1,"minecraft:cooked_chicken":1,"minecraft:iron_sword":2,"minecraft:furnace":2,"minecraft:stone_axe":1,"minecraft:air":0,"minecraft:stick":24,"minecraft:iron_ingot":7,"minecraft:iron_pickaxe":2,"minecraft:stone_pickaxe":2,"minecraft:stone_sword":1,"minecraft:torch":20},"minecraft:mined":{"minecraft:crafting_table":3,"minecraft:granite":2,"minecraft:grass_block":39,"graveyard:tg_grass_block":1,"minecraft:tall_grass":2,"minecraft:cobblestone":9,"minecraft:large_fern":1,"minecraft:furnace":1,"graveyard:tg_moss_block":1,"minecraft:iron_ore":12,"minecraft:andesite":8,"minecraft:grass":16,"minecraft:oak_log":23,"minecraft:coal_ore":34,"minecraft:flowering_azalea_leaves":1,"graveyard:cobblestone_gravestone":1,"minecraft:dirt":33,"minecraft:stone":108},"minecraft:used":{"minecraft:diorite":1,"minecraft:stone_sword":11,"minecraft:stone_pickaxe":149,"minecraft:wooden_pickaxe":12,"minecraft:iron_sword":7,"minecraft:cooked_chicken":2,"minecraft:rotten_flesh":2,"minecraft:torch":9,"minecraft:dirt":41,"minecraft:crafting_table":5,"minecraft:granite":2,"graveyard:cobblestone_gravestone":1,"minecraft:oak_log":3,"minecraft:iron_pickaxe":18,"minecraft:stone_axe":15,"minecraft:cobblestone":21,"minecraft:furnace":4,"minecraft:cooked_porkchop":3,"minecraft:andesite":2,"minecraft:egg":1},"minecraft:dropped":{"minecraft:iron_sword":1,"minecraft:cooked_porkchop":3,"minecraft:coal":53,"minecraft:dirt":1,"minecraft:stone_pickaxe":1,"minecraft:iron_pickaxe":1,"radioactive_spiders:raw_spider_meat":2},"minecraft:custom":{"minecraft:interact_with_furnace":24,"minecraft:mob_kills":7,"minecraft:interact_with_crafting_table":13,"minecraft:damage_dealt_resisted":12,"minecraft:leave_game":5,"minecraft:time_since_death":9159,"minecraft:time_since_rest":9219,"minecraft:sprint_one_cm":102836,"minecraft:damage_taken":907,"minecraft:walk_one_cm":133023,"minecraft:drop":11,"minecraft:damage_dealt":1154,"minecraft:swim_one_cm":1823,"minecraft:fly_one_cm":137444,"minecraft:crouch_one_cm":4234,"minecraft:play_time":57587,"minecraft:deaths":2,"minecraft:sneak_time":1508,"minecraft:walk_under_water_one_cm":4517,"minecraft:jump":905,"minecraft:walk_on_water_one_cm":13572,"minecraft:total_world_time":57587,"minecraft:fall_one_cm":18645},"minecraft:picked_up":{"minecraft:crafting_table":3,"minecraft:feather":2,"minecraft:chicken":2,"minecraft:andesite":7,"minecraft:oak_log":24,"minecraft:dirt":70,"minecraft:string":4,"radioactive_spiders:raw_spider_meat":2,"minecraft:moss_block":2,"minecraft:oak_planks":3,"minecraft:furnace":2,"minecraft:egg":1,"minecraft:raw_iron":12,"minecraft:cooked_porkchop":4,"minecraft:porkchop":6,"minecraft:diorite":3,"minecraft:rotten_flesh":3,"minecraft:granite":2,"minecraft:pink_tulip":1,"graveyard:cobblestone_gravestone":1,"minecraft:coal":108,"minecraft:cobblestone":137}},"DataVersion":3120}