{"stats":{"minecraft:picked_up":{"minecraft:dirt":13},"minecraft:used":{"minecraft:dirt":13},"minecraft:mined":{"minecraft:grass":2,"minecraft:grass_block":11,"minecraft:dirt":2},"minecraft:custom":{"minecraft:jump":25,"minecraft:time_since_rest":1321,"minecraft:leave_game":1,"minecraft:sprint_one_cm":4601,"minecraft:play_time":1321,"minecraft:time_since_death":1321,"minecraft:walk_one_cm":3395,"minecraft:total_world_time":1321,"minecraft:fall_one_cm":209,"minecraft:fly_one_cm":5646}},"DataVersion":3120}