{"stats":{"minecraft:killed":{"minecraft:pig":2},"minecraft:crafted":{"minecraft:oak_planks":16,"minecraft:crafting_table":1,"minecraft:stick":8,"minecraft:wooden_pickaxe":1},"minecraft:mined":{"minecraft:large_fern":1,"minecraft:grass":10,"minecraft:grass_block":25,"minecraft:oak_log":8,"graveyard:cobblestone_gravestone":1,"minecraft:flowering_azalea_leaves":1,"graveyard:tg_moss_block":1,"minecraft:dirt":3,"graveyard:tg_grass_block":1},"minecraft:used":{"minecraft:oak_log":3,"minecraft:dirt":28,"minecraft:crafting_table":1,"graveyard:cobblestone_gravestone":1},"minecraft:custom":{"minecraft:time_since_rest":9587,"minecraft:crouch_one_cm":143,"minecraft:sprint_one_cm":22202,"minecraft:play_time":9587,"minecraft:damage_taken":55,"minecraft:walk_one_cm":29339,"minecraft:sneak_time":82,"minecraft:mob_kills":2,"minecraft:jump":176,"minecraft:damage_dealt":200,"minecraft:leave_game":5,"minecraft:time_since_death":9587,"minecraft:total_world_time":9587,"minecraft:interact_with_crafting_table":2,"minecraft:fall_one_cm":3251,"minecraft:fly_one_cm":35130},"minecraft:picked_up":{"minecraft:porkchop":6,"minecraft:oak_log":8,"minecraft:moss_block":2,"graveyard:cobblestone_gravestone":1,"minecraft:dirt":28}},"DataVersion":3120}