{"stats":{"minecraft:used":{"minecraft:dirt":25,"minecraft:oak_log":3},"minecraft:picked_up":{"minecraft:porkchop":6,"minecraft:oak_log":7,"minecraft:dirt":25},"minecraft:mined":{"minecraft:grass":6,"minecraft:grass_block":22,"minecraft:oak_log":7,"minecraft:dirt":3},"minecraft:killed":{"minecraft:pig":2},"minecraft:custom":{"minecraft:jump":127,"minecraft:time_since_rest":5283,"minecraft:leave_game":5,"minecraft:play_time":5283,"minecraft:crouch_one_cm":101,"minecraft:sprint_one_cm":14853,"minecraft:time_since_death":5283,"minecraft:walk_one_cm":15041,"minecraft:sneak_time":67,"minecraft:total_world_time":5283,"minecraft:mob_kills":2,"minecraft:fall_one_cm":1370,"minecraft:fly_one_cm":23478,"minecraft:damage_dealt":200}},"DataVersion":3120}