{"stats":{"minecraft:used":{"minecraft:dirt":2},"minecraft:mined":{"minecraft:grass":1,"minecraft:grass_block":2},"minecraft:picked_up":{"minecraft:porkchop":1,"minecraft:dirt":2},"minecraft:killed":{"minecraft:pig":1},"minecraft:custom":{"minecraft:jump":45,"minecraft:time_since_rest":967,"minecraft:damage_dealt":100,"minecraft:leave_game":1,"minecraft:sprint_one_cm":3534,"minecraft:play_time":967,"minecraft:time_since_death":967,"minecraft:walk_one_cm":2663,"minecraft:total_world_time":967,"minecraft:mob_kills":1,"minecraft:fall_one_cm":1161,"minecraft:fly_one_cm":8340}},"DataVersion":3120}