{"stats":{"minecraft:killed":{"radioactive_spiders:scary_spider":3,"minecraft:pig":2,"minecraft:skeleton":1,"minecraft:sheep":3,"minecraft:zombie":4,"minecraft:cow":2},"minecraft:killed_by":{"radioactive_spiders:scary_spider":2},"minecraft:crafted":{"minecraft:oak_planks":32,"minecraft:wooden_pickaxe":1,"minecraft:cooked_mutton":3,"minecraft:air":0,"minecraft:stick":8,"radioactive_spiders:cooked_spider_meat":1,"minecraft:stone_pickaxe":4,"minecraft:torch":8},"minecraft:mined":{"minecraft:soul_lantern":3,"the_one_who_watches:scratched_oak_log":1,"minecraft:crafting_table":2,"minecraft:granite":9,"minecraft:grass_block":7,"graveyard:tg_grass_block":2,"minecraft:cobblestone":23,"minecraft:oak_planks":1,"minecraft:moss_block":1,"minecraft:diorite":23,"minecraft:wall_torch":1,"graveyard:oak_coffin":3,"minecraft:furnace":3,"graveyard:tg_moss_block":2,"minecraft:iron_ore":18,"minecraft:andesite":29,"minecraft:grass":18,"minecraft:oak_log":8,"minecraft:coal_ore":26,"minecraft:gravel":4,"minecraft:dirt":9,"minecraft:stone":261},"minecraft:used":{"minecraft:cooked_mutton":3,"minecraft:moss_block":2,"minecraft:diorite":13,"radioactive_spiders:cooked_spider_meat":1,"minecraft:stone_pickaxe":370,"minecraft:oak_planks":1,"minecraft:wooden_pickaxe":59,"minecraft:iron_sword":60,"minecraft:rotten_flesh":3,"graveyard:oak_coffin":2,"minecraft:iron_chestplate":1,"minecraft:torch":8,"minecraft:dirt":11,"minecraft:granite":1,"minecraft:gravel":3,"minecraft:soul_lantern":3,"radioactive_spiders:raw_spider_meat":1,"minecraft:cobblestone":116,"minecraft:furnace":2,"minecraft:cooked_porkchop":5,"minecraft:andesite":20,"minecraft:cooked_beef":1},"minecraft:dropped":{"minecraft:cobblestone":15,"minecraft:pink_tulip":2},"minecraft:custom":{"minecraft:interact_with_furnace":12,"minecraft:mob_kills":15,"minecraft:interact_with_crafting_table":7,"minecraft:damage_dealt_resisted":32,"minecraft:time_since_death":1927,"minecraft:time_since_rest":1961,"minecraft:sprint_one_cm":176531,"minecraft:damage_taken":1162,"minecraft:walk_one_cm":73288,"minecraft:drop":17,"minecraft:damage_dealt":3244,"minecraft:swim_one_cm":5321,"minecraft:fly_one_cm":176965,"minecraft:crouch_one_cm":41745,"minecraft:play_time":77829,"minecraft:deaths":2,"minecraft:sneak_time":16461,"minecraft:walk_under_water_one_cm":4153,"minecraft:jump":1034,"minecraft:walk_on_water_one_cm":9479,"minecraft:total_world_time":77829,"minecraft:fall_one_cm":23973},"minecraft:broken":{"minecraft:stone_pickaxe":2,"minecraft:wooden_pickaxe":1},"minecraft:picked_up":{"minecraft:crafting_table":5,"minecraft:iron_chestplate":2,"minecraft:feather":2,"minecraft:cooked_beef":1,"minecraft:andesite":50,"minecraft:leather":4,"minecraft:wooden_pickaxe":1,"minecraft:oak_log":8,"minecraft:string":8,"minecraft:dirt":48,"radioactive_spiders:scary_spider_eye":4,"minecraft:cooked_mutton":3,"minecraft:bone":30,"minecraft:wheat_seeds":4,"minecraft:candle":10,"radioactive_spiders:raw_spider_meat":7,"minecraft:beef":2,"minecraft:iron_ingot":4,"minecraft:stone_pickaxe":9,"minecraft:cobweb":12,"minecraft:iron_pickaxe":3,"minecraft:moss_block":4,"minecraft:oak_planks":166,"minecraft:iron_sword":3,"minecraft:furnace":3,"minecraft:stick":13,"minecraft:raw_iron":51,"minecraft:cooked_porkchop":4,"minecraft:copper_ingot":4,"minecraft:torch":26,"minecraft:gravel":6,"minecraft:porkchop":12,"minecraft:diorite":41,"graveyard:oak_coffin":5,"arphex:fly_appendage":2,"minecraft:stone_sword":1,"minecraft:arrow":2,"minecraft:rotten_flesh":6,"minecraft:stone_axe":1,"minecraft:soul_lantern":5,"minecraft:granite":23,"minecraft:pink_tulip":3,"minecraft:mutton":9,"minecraft:coal":125,"minecraft:cobblestone":686,"minecraft:white_wool":10}},"DataVersion":3120}