{"stats":{"minecraft:killed":{"radioactive_spiders:scary_spider":1,"minecraft:sheep":2},"minecraft:killed_by":{"radioactive_spiders:scary_spider":1},"minecraft:crafted":{"minecraft:oak_planks":32,"minecraft:wooden_pickaxe":1,"minecraft:cooked_mutton":3,"minecraft:air":0,"minecraft:stick":8,"minecraft:stone_pickaxe":4,"minecraft:torch":8},"minecraft:mined":{"minecraft:soul_lantern":3,"the_one_who_watches:scratched_oak_log":1,"minecraft:crafting_table":2,"minecraft:granite":9,"minecraft:grass_block":7,"graveyard:tg_grass_block":2,"minecraft:cobblestone":15,"minecraft:oak_planks":1,"minecraft:moss_block":1,"minecraft:diorite":22,"minecraft:wall_torch":1,"graveyard:oak_coffin":3,"minecraft:furnace":3,"graveyard:tg_moss_block":2,"minecraft:iron_ore":18,"minecraft:andesite":27,"minecraft:grass":9,"minecraft:oak_log":8,"minecraft:coal_ore":26,"minecraft:gravel":4,"minecraft:dirt":9,"minecraft:stone":248},"minecraft:used":{"minecraft:cooked_mutton":2,"minecraft:moss_block":2,"minecraft:diorite":13,"minecraft:stone_pickaxe":345,"minecraft:oak_planks":1,"minecraft:wooden_pickaxe":59,"graveyard:oak_coffin":2,"minecraft:iron_chestplate":1,"minecraft:torch":6,"minecraft:dirt":11,"minecraft:granite":1,"minecraft:gravel":3,"minecraft:soul_lantern":3,"minecraft:cobblestone":58,"minecraft:cooked_porkchop":3,"minecraft:andesite":18},"minecraft:dropped":{"minecraft:cobblestone":14,"minecraft:pink_tulip":1},"minecraft:custom":{"minecraft:interact_with_furnace":9,"minecraft:mob_kills":3,"minecraft:interact_with_crafting_table":7,"minecraft:time_since_death":21997,"minecraft:time_since_rest":22098,"minecraft:sprint_one_cm":104571,"minecraft:damage_taken":504,"minecraft:walk_one_cm":48412,"minecraft:drop":15,"minecraft:damage_dealt":720,"minecraft:swim_one_cm":5321,"minecraft:fly_one_cm":83667,"minecraft:crouch_one_cm":34234,"minecraft:play_time":53829,"minecraft:deaths":1,"minecraft:sneak_time":13165,"minecraft:walk_under_water_one_cm":4153,"minecraft:jump":618,"minecraft:walk_on_water_one_cm":9479,"minecraft:total_world_time":53829,"minecraft:fall_one_cm":14370},"minecraft:broken":{"minecraft:stone_pickaxe":2,"minecraft:wooden_pickaxe":1},"minecraft:picked_up":{"minecraft:crafting_table":3,"minecraft:iron_chestplate":1,"minecraft:feather":2,"minecraft:andesite":48,"minecraft:wooden_pickaxe":1,"minecraft:oak_log":8,"minecraft:string":4,"minecraft:dirt":48,"radioactive_spiders:scary_spider_eye":2,"minecraft:bone":14,"minecraft:candle":5,"radioactive_spiders:raw_spider_meat":7,"minecraft:iron_ingot":2,"minecraft:stone_pickaxe":6,"minecraft:cobweb":6,"minecraft:iron_pickaxe":2,"minecraft:moss_block":4,"minecraft:oak_planks":86,"minecraft:iron_sword":2,"minecraft:furnace":3,"minecraft:stick":9,"minecraft:raw_iron":31,"minecraft:cooked_porkchop":3,"minecraft:copper_ingot":2,"minecraft:torch":12,"minecraft:gravel":6,"minecraft:diorite":31,"graveyard:oak_coffin":4,"minecraft:stone_sword":1,"minecraft:rotten_flesh":3,"minecraft:stone_axe":1,"minecraft:soul_lantern":4,"minecraft:granite":15,"minecraft:pink_tulip":2,"minecraft:mutton":6,"minecraft:coal":103,"minecraft:cobblestone":514,"minecraft:white_wool":4}},"DataVersion":3120}