{"stats":{"minecraft:killed":{"radioactive_spiders:scary_spider":1,"minecraft:skeleton":1,"minecraft:sheep":2,"minecraft:zombie":4},"minecraft:killed_by":{"radioactive_spiders:scary_spider":1},"minecraft:crafted":{"minecraft:oak_planks":32,"minecraft:wooden_pickaxe":1,"minecraft:cooked_mutton":3,"minecraft:air":0,"minecraft:stick":8,"minecraft:stone_pickaxe":4,"minecraft:torch":8},"minecraft:mined":{"minecraft:soul_lantern":3,"the_one_who_watches:scratched_oak_log":1,"minecraft:crafting_table":2,"minecraft:granite":9,"minecraft:grass_block":7,"graveyard:tg_grass_block":2,"minecraft:cobblestone":23,"minecraft:oak_planks":1,"minecraft:moss_block":1,"minecraft:diorite":23,"minecraft:wall_torch":1,"graveyard:oak_coffin":3,"minecraft:furnace":3,"graveyard:tg_moss_block":2,"minecraft:iron_ore":18,"minecraft:andesite":27,"minecraft:grass":9,"minecraft:oak_log":8,"minecraft:coal_ore":26,"minecraft:gravel":4,"minecraft:dirt":9,"minecraft:stone":260},"minecraft:used":{"minecraft:cooked_mutton":3,"minecraft:moss_block":2,"minecraft:diorite":13,"minecraft:stone_pickaxe":367,"minecraft:oak_planks":1,"minecraft:wooden_pickaxe":59,"minecraft:iron_sword":26,"graveyard:oak_coffin":2,"minecraft:iron_chestplate":1,"minecraft:torch":8,"minecraft:dirt":11,"minecraft:granite":1,"minecraft:gravel":3,"minecraft:soul_lantern":3,"minecraft:cobblestone":85,"minecraft:cooked_porkchop":3,"minecraft:andesite":18},"minecraft:dropped":{"minecraft:cobblestone":15,"minecraft:pink_tulip":2},"minecraft:custom":{"minecraft:interact_with_furnace":9,"minecraft:mob_kills":8,"minecraft:interact_with_crafting_table":7,"minecraft:time_since_death":33997,"minecraft:time_since_rest":34098,"minecraft:sprint_one_cm":120333,"minecraft:damage_taken":667,"minecraft:walk_one_cm":58403,"minecraft:drop":17,"minecraft:damage_dealt":2106,"minecraft:swim_one_cm":5321,"minecraft:fly_one_cm":99396,"minecraft:crouch_one_cm":40640,"minecraft:play_time":65829,"minecraft:deaths":1,"minecraft:sneak_time":16020,"minecraft:walk_under_water_one_cm":4153,"minecraft:jump":712,"minecraft:walk_on_water_one_cm":9479,"minecraft:total_world_time":65829,"minecraft:fall_one_cm":16152},"minecraft:broken":{"minecraft:stone_pickaxe":2,"minecraft:wooden_pickaxe":1},"minecraft:picked_up":{"minecraft:crafting_table":3,"minecraft:iron_chestplate":1,"minecraft:feather":2,"minecraft:andesite":48,"minecraft:wooden_pickaxe":1,"minecraft:oak_log":8,"minecraft:string":4,"minecraft:dirt":48,"radioactive_spiders:scary_spider_eye":2,"minecraft:bone":15,"minecraft:candle":5,"radioactive_spiders:raw_spider_meat":7,"minecraft:iron_ingot":2,"minecraft:stone_pickaxe":6,"minecraft:cobweb":6,"minecraft:iron_pickaxe":2,"minecraft:moss_block":4,"minecraft:oak_planks":86,"minecraft:iron_sword":2,"minecraft:furnace":3,"minecraft:stick":9,"minecraft:raw_iron":31,"minecraft:cooked_porkchop":3,"minecraft:copper_ingot":2,"minecraft:torch":13,"minecraft:gravel":6,"minecraft:diorite":33,"graveyard:oak_coffin":4,"minecraft:stone_sword":1,"minecraft:arrow":1,"minecraft:rotten_flesh":6,"minecraft:stone_axe":1,"minecraft:soul_lantern":4,"minecraft:granite":15,"minecraft:pink_tulip":3,"minecraft:mutton":6,"minecraft:coal":103,"minecraft:cobblestone":537,"minecraft:white_wool":4}},"DataVersion":3120}