{"stats":{"minecraft:killed":{"radioactive_spiders:scary_spider":1,"minecraft:sheep":2},"minecraft:killed_by":{"radioactive_spiders:scary_spider":1},"minecraft:crafted":{"minecraft:oak_planks":32,"minecraft:wooden_pickaxe":1,"minecraft:cooked_mutton":3,"minecraft:air":0,"minecraft:stick":8,"minecraft:stone_pickaxe":4,"minecraft:torch":8},"minecraft:mined":{"minecraft:soul_lantern":3,"the_one_who_watches:scratched_oak_log":1,"minecraft:crafting_table":2,"minecraft:granite":5,"minecraft:grass_block":7,"graveyard:tg_grass_block":2,"minecraft:cobblestone":9,"minecraft:oak_planks":1,"minecraft:moss_block":1,"minecraft:diorite":22,"minecraft:wall_torch":1,"graveyard:oak_coffin":2,"minecraft:furnace":2,"graveyard:tg_moss_block":2,"minecraft:iron_ore":11,"minecraft:andesite":17,"minecraft:grass":9,"minecraft:oak_log":8,"minecraft:coal_ore":26,"minecraft:gravel":4,"minecraft:dirt":9,"minecraft:stone":208},"minecraft:used":{"minecraft:cooked_mutton":2,"minecraft:moss_block":2,"minecraft:diorite":13,"minecraft:stone_pickaxe":276,"minecraft:oak_planks":1,"minecraft:wooden_pickaxe":59,"graveyard:oak_coffin":1,"minecraft:iron_chestplate":1,"minecraft:torch":6,"minecraft:dirt":11,"minecraft:granite":1,"minecraft:gravel":3,"minecraft:soul_lantern":3,"minecraft:cobblestone":22,"minecraft:cooked_porkchop":3,"minecraft:andesite":8},"minecraft:dropped":{"minecraft:pink_tulip":1},"minecraft:custom":{"minecraft:interact_with_furnace":8,"minecraft:mob_kills":3,"minecraft:interact_with_crafting_table":7,"minecraft:time_since_death":9997,"minecraft:time_since_rest":10098,"minecraft:sprint_one_cm":96690,"minecraft:damage_taken":414,"minecraft:walk_one_cm":42045,"minecraft:drop":1,"minecraft:damage_dealt":692,"minecraft:swim_one_cm":5321,"minecraft:fly_one_cm":76394,"minecraft:crouch_one_cm":30392,"minecraft:play_time":41829,"minecraft:deaths":1,"minecraft:sneak_time":10990,"minecraft:walk_under_water_one_cm":4153,"minecraft:jump":544,"minecraft:walk_on_water_one_cm":9479,"minecraft:total_world_time":41829,"minecraft:fall_one_cm":12872},"minecraft:broken":{"minecraft:stone_pickaxe":2,"minecraft:wooden_pickaxe":1},"minecraft:picked_up":{"minecraft:crafting_table":3,"minecraft:iron_chestplate":1,"minecraft:andesite":33,"minecraft:oak_log":8,"minecraft:dirt":20,"radioactive_spiders:scary_spider_eye":2,"minecraft:bone":14,"minecraft:candle":5,"radioactive_spiders:raw_spider_meat":7,"minecraft:iron_ingot":2,"minecraft:stone_pickaxe":5,"minecraft:cobweb":6,"minecraft:iron_pickaxe":1,"minecraft:moss_block":2,"minecraft:oak_planks":86,"minecraft:iron_sword":1,"minecraft:furnace":2,"minecraft:stick":9,"minecraft:raw_iron":24,"minecraft:cooked_porkchop":3,"minecraft:copper_ingot":2,"minecraft:torch":1,"minecraft:gravel":6,"minecraft:diorite":29,"graveyard:oak_coffin":3,"minecraft:soul_lantern":4,"minecraft:granite":9,"minecraft:pink_tulip":1,"minecraft:mutton":6,"minecraft:coal":103,"minecraft:cobblestone":403,"minecraft:white_wool":4}},"DataVersion":3120}