{"stats":{"minecraft:crafted":{"minecraft:oak_planks":32,"minecraft:stick":8,"minecraft:wooden_pickaxe":1,"minecraft:stone_pickaxe":1,"minecraft:torch":4},"minecraft:mined":{"graveyard:oak_coffin":2,"graveyard:tg_moss_block":2,"minecraft:andesite":8,"minecraft:soul_lantern":1,"minecraft:grass":7,"minecraft:coal_ore":16,"minecraft:grass_block":3,"minecraft:oak_log":8,"minecraft:dirt":6,"graveyard:tg_grass_block":2,"minecraft:stone":76,"minecraft:moss_block":1,"minecraft:oak_planks":1},"minecraft:used":{"minecraft:moss_block":2,"minecraft:stone_pickaxe":45,"minecraft:oak_planks":1,"minecraft:wooden_pickaxe":59,"minecraft:torch":4,"minecraft:soul_lantern":2,"graveyard:oak_coffin":1,"minecraft:iron_chestplate":1,"minecraft:dirt":11,"minecraft:cobblestone":10,"minecraft:cooked_porkchop":1},"minecraft:dropped":{"minecraft:pink_tulip":1},"minecraft:broken":{"minecraft:wooden_pickaxe":1},"minecraft:custom":{"minecraft:time_since_rest":17829,"minecraft:interact_with_furnace":1,"minecraft:sprint_one_cm":36577,"minecraft:walk_one_cm":18477,"minecraft:drop":1,"minecraft:damage_dealt":65,"minecraft:interact_with_crafting_table":5,"minecraft:swim_one_cm":1112,"minecraft:fly_one_cm":31956,"minecraft:crouch_one_cm":14589,"minecraft:play_time":17829,"minecraft:sneak_time":4607,"minecraft:walk_under_water_one_cm":663,"minecraft:jump":176,"minecraft:time_since_death":17829,"minecraft:walk_on_water_one_cm":1060,"minecraft:total_world_time":17829,"minecraft:fall_one_cm":6330},"minecraft:picked_up":{"minecraft:stick":8,"minecraft:cooked_porkchop":3,"minecraft:andesite":8,"minecraft:oak_log":8,"minecraft:dirt":11,"graveyard:oak_coffin":2,"minecraft:soul_lantern":2,"minecraft:pink_tulip":1,"minecraft:moss_block":2,"minecraft:oak_planks":6,"minecraft:coal":19,"minecraft:cobblestone":78}},"DataVersion":3120}