{"stats":{"minecraft:killed":{"minecraft:sheep":2},"minecraft:crafted":{"minecraft:oak_planks":32,"minecraft:stick":8,"minecraft:wooden_pickaxe":1,"minecraft:stone_pickaxe":4,"minecraft:torch":4},"minecraft:mined":{"graveyard:oak_coffin":2,"minecraft:furnace":1,"graveyard:tg_moss_block":2,"minecraft:iron_ore":5,"minecraft:andesite":15,"minecraft:soul_lantern":2,"the_one_who_watches:scratched_oak_log":1,"minecraft:crafting_table":1,"minecraft:granite":4,"minecraft:grass":9,"minecraft:coal_ore":16,"minecraft:grass_block":7,"minecraft:oak_log":8,"minecraft:gravel":4,"minecraft:dirt":9,"minecraft:cobblestone":8,"graveyard:tg_grass_block":2,"minecraft:stone":204,"minecraft:moss_block":1,"minecraft:oak_planks":1,"minecraft:diorite":8},"minecraft:used":{"minecraft:moss_block":2,"minecraft:stone_pickaxe":221,"minecraft:oak_planks":1,"minecraft:wooden_pickaxe":59,"minecraft:torch":4,"minecraft:soul_lantern":2,"graveyard:oak_coffin":1,"minecraft:iron_chestplate":1,"minecraft:dirt":11,"minecraft:cobblestone":20,"minecraft:cooked_porkchop":2},"minecraft:dropped":{"minecraft:pink_tulip":1},"minecraft:custom":{"minecraft:time_since_rest":29829,"minecraft:interact_with_furnace":3,"minecraft:sprint_one_cm":72337,"minecraft:damage_taken":40,"minecraft:walk_one_cm":30759,"minecraft:mob_kills":2,"minecraft:drop":1,"minecraft:damage_dealt":343,"minecraft:interact_with_crafting_table":7,"minecraft:swim_one_cm":2556,"minecraft:fly_one_cm":55930,"minecraft:crouch_one_cm":27290,"minecraft:play_time":29829,"minecraft:sneak_time":9434,"minecraft:walk_under_water_one_cm":1719,"minecraft:jump":434,"minecraft:time_since_death":29829,"minecraft:walk_on_water_one_cm":2415,"minecraft:total_world_time":29829,"minecraft:fall_one_cm":8930},"minecraft:broken":{"minecraft:stone_pickaxe":2,"minecraft:wooden_pickaxe":1},"minecraft:picked_up":{"minecraft:crafting_table":1,"minecraft:stick":8,"minecraft:raw_iron":5,"minecraft:cooked_porkchop":3,"minecraft:andesite":15,"minecraft:gravel":3,"minecraft:oak_log":8,"minecraft:diorite":8,"minecraft:dirt":20,"graveyard:oak_coffin":2,"minecraft:soul_lantern":3,"minecraft:granite":4,"minecraft:stone_pickaxe":1,"minecraft:pink_tulip":1,"minecraft:moss_block":2,"minecraft:mutton":3,"minecraft:oak_planks":6,"minecraft:coal":42,"minecraft:white_wool":2,"minecraft:cobblestone":212,"minecraft:furnace":1}},"DataVersion":3120}