{"stats":{"minecraft:crafted":{"minecraft:oak_planks":8,"minecraft:stick":8},"minecraft:mined":{"minecraft:grass":6,"minecraft:oak_log":4,"graveyard:oak_coffin":1,"graveyard:tg_moss_block":2,"minecraft:dirt":1,"graveyard:tg_grass_block":2,"minecraft:oak_planks":1,"minecraft:moss_block":1},"minecraft:used":{"minecraft:moss_block":2,"minecraft:iron_chestplate":1,"minecraft:dirt":3,"minecraft:oak_planks":1},"minecraft:custom":{"minecraft:time_since_rest":5829,"minecraft:crouch_one_cm":136,"minecraft:play_time":5829,"minecraft:sprint_one_cm":17153,"minecraft:walk_one_cm":9661,"minecraft:sneak_time":72,"minecraft:jump":84,"minecraft:damage_dealt":55,"minecraft:time_since_death":5829,"minecraft:total_world_time":5829,"minecraft:interact_with_crafting_table":2,"minecraft:fall_one_cm":3553,"minecraft:fly_one_cm":19364},"minecraft:picked_up":{"minecraft:stick":8,"graveyard:oak_coffin":1,"minecraft:soul_lantern":1,"minecraft:pink_tulip":1,"minecraft:oak_log":4,"minecraft:moss_block":2,"minecraft:oak_planks":6,"minecraft:dirt":3}},"DataVersion":3120}