{"stats":{"minecraft:mined":{"minecraft:grass_block":8,"minecraft:oak_log":4},"minecraft:used":{"minecraft:grass_block":1},"minecraft:dropped":{"minecraft:oak_log":4,"minecraft:grass_block":3},"minecraft:custom":{"minecraft:time_since_rest":8119,"minecraft:crouch_one_cm":1,"minecraft:leave_game":3,"minecraft:play_time":8119,"minecraft:sprint_one_cm":5066,"minecraft:time_since_death":8119,"minecraft:walk_one_cm":6452,"minecraft:sneak_time":29,"minecraft:total_world_time":8119,"minecraft:fall_one_cm":685,"minecraft:drop":7,"minecraft:fly_one_cm":28646,"minecraft:jump":71},"minecraft:picked_up":{"minecraft:oak_log":8,"minecraft:grass_block":3,"minecraft:dirt":8}},"DataVersion":3120}