{"stats":{"minecraft:dropped":{"minecraft:oak_log":4,"minecraft:grass_block":3},"minecraft:used":{"minecraft:grass_block":3},"minecraft:picked_up":{"minecraft:oak_log":8,"minecraft:grass_block":3,"minecraft:dirt":8},"minecraft:mined":{"minecraft:grass_block":8,"minecraft:oak_log":4},"minecraft:custom":{"minecraft:time_since_rest":8497,"minecraft:leave_game":4,"minecraft:play_time":8497,"minecraft:crouch_one_cm":1,"minecraft:sprint_one_cm":5876,"minecraft:time_since_death":8497,"minecraft:walk_one_cm":7919,"minecraft:sneak_time":31,"minecraft:total_world_time":8497,"minecraft:fall_one_cm":685,"minecraft:drop":7,"minecraft:fly_one_cm":30338,"minecraft:jump":77}},"DataVersion":3120}