{"stats":{"minecraft:dropped":{"minecraft:grass_block":2,"minecraft:oak_log":4},"minecraft:used":{"minecraft:grass_block":1},"minecraft:mined":{"minecraft:grass_block":8,"minecraft:oak_log":4},"minecraft:picked_up":{"minecraft:oak_log":8,"minecraft:grass_block":2,"minecraft:dirt":8},"minecraft:custom":{"minecraft:jump":71,"minecraft:time_since_rest":7515,"minecraft:sprint_one_cm":5066,"minecraft:leave_game":2,"minecraft:play_time":7515,"minecraft:time_since_death":7515,"minecraft:walk_one_cm":5170,"minecraft:sneak_time":1,"minecraft:total_world_time":7515,"minecraft:drop":6,"minecraft:fall_one_cm":685,"minecraft:fly_one_cm":28646}},"DataVersion":3120}